,precision,recall,f1-score,support
Acquisition,0.6849772788024593,0.6052911302704618,0.6426735218508998,8467.0
Failure,0.7338553438811753,0.817388958820356,0.7733730327520204,11122.0
IPO,0.6,0.1897810218978102,0.28835489833641403,411.0
accuracy,0.7147,0.7147,0.7147,0.7147
macro avg,0.6729442075612115,0.5374870369962094,0.5681338176464448,20000.0
weighted avg,0.7104120877133427,0.7147,0.7080742721497904,20000.0
