model_name,accuracy,precision,recall,f1,classification_report
gradient_boosting,0.7147,0.7104120877133427,0.7147,0.7080742721497904,"{'Acquisition': {'precision': 0.6849772788024593, 'recall': 0.6052911302704618, 'f1-score': 0.6426735218508998, 'support': 8467.0}, 'Failure': {'precision': 0.7338553438811753, 'recall': 0.817388958820356, 'f1-score': 0.7733730327520204, 'support': 11122.0}, 'IPO': {'precision': 0.6, 'recall': 0.1897810218978102, 'f1-score': 0.28835489833641403, 'support': 411.0}, 'accuracy': 0.7147, 'macro avg': {'precision': 0.6729442075612115, 'recall': 0.5374870369962094, 'f1-score': 0.5681338176464448, 'support': 20000.0}, 'weighted avg': {'precision': 0.7104120877133427, 'recall': 0.7147, 'f1-score': 0.7080742721497904, 'support': 20000.0}}"
