Model,Accuracy,Precision,Recall,F1 Score
Gradient Boosting,0.7429,0.7392592997907105,0.7429,0.7386714064198685
XGBoost,0.7426,0.7391660591690695,0.7426,0.7385120581585164
Random Forest,0.73475,0.7320243590496291,0.73475,0.7294806788666428
Decision Tree,0.6403,0.6405540376018979,0.6403,0.6404174713919891
Logistic Regression,0.6449,0.6370510383298815,0.6449,0.6389564938766665
