outcome,mean,median,count
Acquisition,30.14045437004596,14.01333523398906,42335
Failure,69.55579089218493,29.33101391789665,55610
Ipo,10.025800073127133,6.121077346331906,2055
