outcome,average_rounds,median_rounds,startup_count
Acquisition,2.346592653832526,2.0,42335
Failure,1.7033627045495414,2.0,55610
Ipo,2.9990267639902677,3.0,2055
