outcome_group,avg_market_size,avg_traction
Non-Successful,33.084890327363176,225905.48309656535
Successful Exit,33.35293531160307,359983.7656679432
