outcome,mean,median,count
Acquisition,1041604.0007096285,949165.7102061308,42335
Failure,536378.930816341,434142.6094241346,55610
Ipo,2120475.2581890896,2144511.1828555563,2055
